"m","k","mean_piS","se_piS","mean_piT","se_piT","FST"
0.4,10,0.000109781948927845,2.03307968215677e-05,0.000122988365972446,2.12834733174048e-05,0.107379400809012
